d,journal_entry
26-Oct,"""I woke up this morning with a pounding headache. I took some medicine and it helped alleviate the pain a bit. After breakfast I went for a 2 mile jog in the park near my house. The fresh air and exercise helped me feel refreshed. When I got home, I took a hot shower to relax my muscles. I spent the afternoon meal prepping and reading out on the patio. For dinner I cooked up some chicken and veggies. I watched a little TV before an early bedtime."""
27-Oct,"""I slept very well last night and felt ready to take on the day. After a healthy breakfast, I did a home workout session of yoga, bodyweight exercises and stretching. I showered after my workout then had some breakfast. Work was busy with meetings and projects. I was tired after the long workday so I just made a quick dinner and relaxed with a book before bed."""
28-Oct,"""I woke up early feeling really motivated and energetic this morning. I laced up my running shoes and headed out for a long jog around my neighborhood. It was a beautiful fall morning, cool and crisp but not too cold. I really pushed myself and ran several miles at a fast pace. I loved the feeling of my heart pumping and my muscles working. When I got home, I took a nice hot shower to ease my muscles. I had a quick breakfast then rushed out the door for an afternoon work meeting across town. The meeting was long but productive. Afterward I still had a few hours left in my workday to finish up some lingering projects. I was tired after the long day so I whipped up a simple dinner at home. I ate while watching a lighthearted comedy movie then headed to bed early."""
29-Oct,"""I slept in a bit this morning and decided to skip my usual workout routine. I took the extra time to make a nice big breakfast of eggs, toast and fruit before starting my workday. The day seemed to fly by with several client calls and emails to respond to. Before I knew it, it was dinner time. I didn't feel like cooking so I ordered in some pasta from my favorite Italian place. I caught up on a TV drama series while enjoying the delicious carbs. Later in the evening, I noticed a headache coming on. I took some medicine and headed to bed, hoping to sleep it off overnight."""
30-Oct,"""I started my morning with an intense high intensity interval training (HIIT) workout. It was a tough routine of alternating bouts of cardio and strength exercises but I pushed through and felt great after working up a sweat. After a quick shower, I met up with some friends for brunch at a cute cafe. It was nice to catch up over yummy food. My afternoon was filled with errands like groceries, post office and dry cleaning. I met up with my partner for dinner at a new Thai restaurant downtown. We shared tasty dishes while discussing our week. I headed home satisfied and sleepy after the full day out."""
31-Oct,"""I woke up with a slight headache this morning. After slowly drinking some coffee, it started to ease up. I took advantage of having no concrete plans and had a relaxing Saturday at home. I did some laundry, tidied up, and meal prepped for the upcoming week. For most of the afternoon I curled up on the couch with a good book and some relaxing music in the background. Later in the evening I whipped up an omelette for a quick dinner. Since I didn't workout earlier, I ended the night with some gentle yoga poses and stretching which made me feel relaxed."" "
1-Nov,"""I woke up early and laced up my running shoes, eager to get in a jog on this beautiful Saturday morning. After 2 miles at a moderate pace, I felt energized and ready to take on the day. I took a nice hot shower and then made myself a stack of whole wheat pancakes for breakfast. In the afternoon, I headed to the mall to do some shopping for new fall clothes. I grabbed coffee with a friend while we browsed and caught up on life. At home in the evening, I did a short dumbbell workout to keep up my strength training. For dinner I whipped up a tasty salad full of veggies, chickpeas and avocado. I spent the rest of the evening relaxing with a good book."""
2-Nov,"""I slept in a bit this morning and had a relaxing start to my Sunday. I made some scrambled eggs and avocado toast for a leisurely brunch, catching up on the news while I ate. Around midday, I noticed the beginnings of a headache coming on. I took some medicine right away but still took the rest of the day easy. I did a bit of meal prep for the week ahead and straightened up around the house but didn't push myself too much. For dinner, I made myself some mac and cheese, a nice comforting meal. I watched a comedy special on TV and then headed to bed early, trying to sleep off this lingering headache."""
3-Nov,"""I headed to the gym first thing this morning for a tough circuit training workout. I rotated between cardio machines, weights and bodyweight exercises to really get my heart rate up. It was a challenge but I pushed through and felt a sense of accomplishment after. I noticed a headache coming on late morning so I took it easy the rest of the day. I showered at the gym then headed home to relax. Made a simple lunch salad. Spent the afternoon lounging and reading. Whipped up a light dinner and did some evening yoga before bed."""
4-Nov,"""I woke up feeling really refreshed after getting a great night's sleep. I took advantage of the morning energy by doing laundry, tidying up the house and running some errands. Around midday I met up with my partner to go for a long walk outside since it was such a nice day. We walked a couple miles while catching up and just enjoying the fresh air and sunshine. When I got home, I was feeling a bit sweaty so I jumped in the shower to freshen up. Then I put together a delicious roast chicken dinner with veggies. My partner came over and we ate together while watching a lighthearted comedy movie. After they left, I did some reading in bed before turning in at a reasonable hour."""
5-Nov,"""Here's a journal entry. Today began on a high note with a burst of productivity in the morning. But as the afternoon rolled in, so did a nagging headache that just wouldn't let up. I tried to shake it off with my usual pre-dinner workout, but exhaustion had me throwing in the towel early. I ended up grabbing takeout on my way home, followed by a long, hot bath. Hoping to shake off the day's weariness, I turned in early, seeking some respite in sleep."""
